xmltv_id,display_name,groups
24HourFreeMovies.us@SD,24 Hour Free Movies,Movies
30ADarcizzleOffshore.us@SD,30A Darcizzle Offshore,Outdoor
30AGeorgiaHollywoodReview.us@SD,30A Georgia Hollywood Review,Entertainment;News
30AGolfKingdom.us@SD,30A Golf Kingdom,Sports
30AInvestmentPitch.us@SD,30A Investment Pitch,Business
30ALionelNation.us@SD,30A Lionel Nation,News
30ALoomeredTV.us@SD,30A Loomered TV,Documentary;News
30ALuxeLifeDiscovered.us@SD,30A Luxe Life Discovered,Lifestyle
30AMusic.us@SD,30A Music,Music
30ARidiculousTV.us@SD,30A Ridiculous TV,Comedy
30ASidewalks.us@SD,30A Sidewalks,Entertainment
30ATelevisionChannel.us@SD,30A Television Channel,Entertainment
30ATheBeachShow.us@SD,30A The Beach Show,Shop
30ATVClassicMovies.us@SD,30A TV Classic Movies,Movies
30AWeLoveCars.us@SD,30A We Love Cars,Auto
3ABNEnglish.us@SD,3ABN English,Religious
3ABNFrench.us@SD,3ABN French,Religious
3ABNKids.us@SD,3ABN Kids,Animation;Kids;Religious
3ABNLatino.us@SD,3ABN Latino,Religious
3ABNPraiseHimMusicNetwork.us@SD,3ABN Praise Him Music Network,Music;Religious
3ABNProclaimNetwork.us@SD,3ABN Proclaim! Network,Religious
90sKids.us@SD,90's Kids,Kids
ABC.us@KRCA,ABC KRCA,General
ABCNewsLive1.us@SD,ABC News Live 1,News
ABCNewsLive10.us@SD,ABC News Live 10,News
ABCNewsLive2.us@SD,ABC News Live 2,News
ABCNewsLive3.us@SD,ABC News Live 3,News
ABCNewsLive4.us@SD,ABC News Live 4,News
ABCNewsLive5.us@SD,ABC News Live 5,News
ABCNewsLive6.us@SD,ABC News Live 6,News
ABCNewsLive7.us@SD,ABC News Live 7,News
ABCNewsLive8.us@SD,ABC News Live 8,News
ABCNewsLive9.us@SD,ABC News Live 9,News
ABHPTV.us@HD,ABHP TV,Religious
ABNAfghanistan.us@SD,ABN Afghanistan,Religious
ABNAfrica.us@SD,ABN Africa,Religious
ABNBibleMoviesChannel.us@SD,ABN Bible Movies Channel,Movies;Religious
ABNChina.us@SD,ABN China,Religious
ABNTVIndia.us@SD,ABN TV India,Religious
ABNUrdu.us@SD,ABN Urdu,Religious
AbsoluteRealitybyWETV.us@SD,Absolute Reality by WE TV,Entertainment
Access19.us@SD,Access 19,General
Access4PAC.us@SD,Access 4 PAC,General
AccessHumboldt.us@SD,Access Humboldt,General
AccessNashua.us@SD,Access Nashua,General
AccessSacramentoChannel17.us@SD,Access Sacramento Channel 17,General
AccessTuolumne.us@SD,Access Tuolumne,General
AccessVisionChannel16.us@SD,AccessVision Channel 16,General
AccessVisionChannel17.us@SD,AccessVision Channel 17,Legislative
AccuWeatherNOW.us@SD,AccuWeather NOW,Weather
ACECountryRadio.us@KPVMLD,ACE Country Radio KPVM-LD,Music
AceTV.us@KCKSLD,Ace TV KCKS-LD,Entertainment
ACTV.us@SD,ACTV (United States),Legislative
AdrenalinaPuraTV.us@SD,Adrenalina Pura TV,Movies
AE.us@East,A&E,Entertainment
AfroLandTV.us@SD,AfroLandTV,Entertainment
AFTV.us@SD,AFTV,General
AFV.us@SD,AFV,Comedy
AFVEspanol.us@SD,AFV Espanol,Comedy
Akaku53.us@SD,Akaku 53,General
Akaku54.us@SD,Akaku 54,General
Akaku55.us@SD,Akaku 55,General
AKCTVMeettheBreeds.us@SD,AKC TV Meet the Breeds,Outdoor
AKCTVPuppies.us@SD,AKC TV Puppies,Outdoor
AlabamaWeatherNetwork.us@SD,Alabama Weather Network,Weather
AlbanianTVAmerica.us@SD,Albanian TV America,General
AlFadyTV.us@SD,Al-Fady TV,Religious
AlHorreyaTV.us@SD,Al Horreya TV,Religious
AlhurraIraq.us@SD,Alhurra Iraq,News
AlientoVision.us@SD,Aliento Vision,Religious
AlkarmaTVAustralia.us@SD,Alkarma TV Australia,Religious
AlkarmaTVFamily.us@SD,Alkarma TV Family,Religious
AlkarmaTVMiddleEast.us@SD,Alkarma TV Middle East,Religious
AlkarmaTVNorthAmericaCanada.us@SD,Alkarma TV North America & Canada,Religious
AlkarmaTVPraise.us@SD,Alkarma TV Praise,Religious
AlkarmaTVTalmazaDiscipleship.us@SD,Alkarma TV Talmaza Discipleship,Religious
AlkarmaTVYouthEnglish.us@SD,Alkarma TV Youth & English,Religious
AllRealitybyWEtv.us@SD,All Reality by WE tv,Series
AllWeddingsWEtv.us@SD,All Weddings WE tv,Series
AlmagdTVMiddleEast.us@SD,Almagd TV Middle East,Religious
AlmagdTVNorthAmerica.us@SD,Almagd TV North America,Religious
AlMahdiTV.us@SD,Al-Mahdi TV,Religious
AlwaysFunnyVideos.us@SD,Always Funny Videos,Series
AmazingFactsTV.us@SD,Amazing Facts TV,Religious
AMCenEspanol.us@SD,AMC en Espanol,Entertainment
AmericanHorrors.us@SD,American Horrors,Movies
AmericasNextTopModel.us@SD,America's Next Top Model,Entertainment
AmericasTestKitchen.us@SD,America's Test Kitchen,Cooking
AmericasVoice.us@SD,America's Voice,News
AmericasVoiceNews.us@SD,America's Voice News,News
Ameritrade.us@SD,Ameritrade,Business
AMGATV.us@SD,AMGA TV,General
AMP1.us@SD,AMP 1,General
AMP2.us@SD,AMP 2,Culture
AmuTV.us@SD,Amu TV,News
Armenia1.am@America,Armenia 1 America,General
ARTFLIXMovieClassics.us@SD,ARTFLIX Movie Classics,Classic;Movies
ARTNTV.us@SD,ARTN TV,General
AsianCultureTV.us@HD,Asian Culture TV,General
AspireTVLife.us@SD,Aspire TV Life,Lifestyle
ATL26.us@SD,ATL 26,Legislative
AtlantaChannel.us@SD,Atlanta Channel,General
Atlas.us@SD,Atlas,Documentary
ATXN1.us@SD,ATXN1,Legislative
ATXN2.us@SD,ATXN2,General;Legislative
ATXN3.us@SD,ATXN3,Culture;General
AuroraTV.us@SD,AuroraTV,General
AutenticHistory.de@SD,Autentic History,Documentary
AutenticTravel.de@SD,Autentic Travel,Lifestyle
AvangTV.us@SD,Avang TV,Music
AVIRewind.us@SD,AVI Rewind,Movies
AWEInternational.us@SD,AWE International,General
AWEPlus.us@KPVMLD,AWE Plus KPVM-LD,General
BabyFirst.us@Spanish,BabyFirst Spanish,Kids
BabyTV.uk@LatinAmerica,BabyTV Latin America,Kids
Backstage.us@SD,Backstage,Documentary
BarkTV.us@SD,Bark TV,Entertainment
BattlestarGalactica.us@SD,Battlestar Galactica,Movies;Series
BATV.us@SD,BATV,General
BATVEducationalChannel.us@SD,BATV Educational Channel,Education
BATVGovernmentChannel.us@SD,BATV Government Channel,Legislative
BATVGovernmentTV.us@SD,BATV Government TV,Legislative
BATVPublicChannel.us@SD,BATV Public Channel,General
Baywatch.us@US,Baywatch,Series
BBCFood.us@SD,BBC Food,Cooking
BBCKids.us@SD,BBC Kids,Kids
BeachTVFloridaAlabama.us@SD,Beach TV Florida & Alabama,Travel
BeachTVKeyWestFloridaKeys.us@SD,Beach TV Key West & Florida Keys,Travel
BeachTVMyrtleBeachTheGrandStrand.us@SD,Beach TV Myrtle Beach & The Grand Strand,Travel
BeachTVPanamaCity.us@SD,Beach TV Panama City,Travel
beINSPORTSXTRAenEspanol.us@SD,beIN SPORTS XTRA en Espanol,Sports
BEKNews.us@SD,BEK News,News
BEKSports.us@West,BEK Sports West,Sports
BerksCommunityTV.us@SD,Berks Community TV,General
BestofBATVChannel.us@SD,Best of BATV Channel,General
BETClassicsPlutoTV.us@SD,BET Classics Pluto TV,Entertainment
BetterHealthTV.us@SD,Better Health TV,Lifestyle
BetterLifeNatureChannel.us@SD,Better Life Nature Channel,Relax
BetterLifeTV.us@SD,Better Life TV,Religious
BHTV10.us@SD,BHTV10,Undefined
BHTV35.us@SD,BHTV35,Undefined
BIGCivicChannel.us@SD,BIG Civic Channel,General
BIGCommunityChannel.us@SD,BIG Community Channel,General
Binge.us@SD,Binge,General
BizTV.us@SD,Biz TV,Lifestyle
BlackNewsChannel.us@SD,Black News Channel,News
BloombergTV.us@LiveEvent,Bloomberg TV Live Event,Business
BloombergTV.us@PoliticsLiveEvent,Bloomberg TV Politics Live Event,Business
BloombergTV.us@US,Bloomberg TV,Business
BMCHDTV.us@SD,BMC-HD TV,General
Bounce.us@SD,Bounce,Undefined
BPTV.us@SD,BPTV,Legislative
BPXTVRadio.us@SD,BPX TV Radio,Music
BrevardGovernmentAccessTV.us@SD,Brevard Government Access TV,Legislative
BusinessRockstars.us@SD,Business Rockstars,Business
BUTV10.us@SD,BUTV10,Education
BXArts.us@SD,BX Arts,Culture
BXCulture.us@SD,BX Culture,Culture
BXInform.us@SD,BX Inform,General;News
BXInspire.us@SD,BX Inspire,General;Religious
BXOmni.us@SD,BX Omni,General
CafeTradeTV.ir@SD,Cafe Trade TV,Business
CaliforniaMusicChannel.us@SD,California Music Channel,Music
CameraSmileTV.us@SD,Camera Smile TV,Comedy
CampSpoopy.us@SD,Camp Spoopy,Kids
CanaldelaFe.us@SD,Canal de la Fe,Religious
CanelaTV.us@SD,Canela TV,Entertainment
CANTV19.us@SD,CAN TV19,General
CANTV21.us@SD,CAN TV21,General
CANTV27.us@SD,CAN TV27,General
CANTV36.us@SD,CAN TV36,General
CapitalCityConnectionMontgomery.us@SD,Capital City Connection Montgomery,Legislative
CatholicFaithNetwork.us@SD,Catholic Faith Network,Religious
CBNEspanol.us@SD,CBN Espanol,Religious
CBNFamily.us@SD,CBN Family,Religious
CBSNewsPhilly.us@SD,CBS News Philly,News
CCTV.us@SD,CC-TV,Undefined
CCX1.us@SD,CCX1,General
CelebrityNameGame.us@SD,Celebrity Name Game,Series
CelebritySceneTV.us@SD,Celebrity Scene TV,Undefined
CerritosTV3.us@SD,Cerritos TV3,General
CFMTVChannel98.us@SD,CFM TV Channel 98,Legislative
CGTV.us@SD,CGTV,Legislative
Channel10.us@SD,Channel 10 (United States),Legislative
Channel18GAC.us@SD,Channel 18 GAC,Legislative
ChannelOne.us@SD,Channel One (United States),Culture;News
CheddarNews.us@SD,Cheddar News,News
ChefChampion.us@SD,Chef Champion,Cooking
ChefRocShow.us@SD,Chef Roc Show,Cooking
ChristianYouthChannelCYC.us@SD,Christian Youth Channel CYC,Kids;Religious
CinePride.us@SD,CinePride,Lifestyle
CineRomantico.us@SD,Cine Romantico,Movies
Cinevault80s.us@SD,Cinevault 80s,Movies
Circle.us@SD,Circle,Entertainment
CityofFairfieldChannel26.us@SD,City of Fairfield Channel 26,General
CityofFortPierce.us@SD,City of Fort Pierce,Legislative
CityofLovelandTV.us@SD,City of Loveland TV,General
CityofMonroeGovernmentChannel.us@SD,City of Monroe Government Channel,Legislative
CityofPompanoBeach.us@SD,City of Pompano Beach,Legislative
CityTV20SantaMonica.us@SD,CityTV 20 Santa Monica,Legislative
CityTVCarlsbad.us@SD,City TV Carlsbad,General
CityTVChannel341.us@SD,City TV Channel 3/41,Legislative
CityTVLakewood.us@SD,CityTV Lakewood,General
CityTVSanDiego.us@SD,CityTV San Diego,Legislative
CityTVWhittier.us@SD,CityTV Whittier,Legislative
Clarity4K.us@SD,Clarity 4K,General
CloudflareTV.us@SD,Cloudflare TV,Education
CMAC1.us@SD,CMAC 1,General
CMAC2.us@SD,CMAC 2,Education
CMAC3.us@SD,CMAC 3,Legislative
CMAPChannel17.us@SD,CMAP Channel 17,Legislative
CMAPChannel18.us@SD,CMAP Channel 18,General
CMAPChannel19.us@SD,CMAP Channel 19,Undefined
CMAPChannel20.us@SD,CMAP Channel 20,General
CMCUSACountryMusicChannel.us@SD,CMC-USA Country Music Channel,Music
CMTV.us@SD,CMTV,General
ColdCaseFiles.us@SD,Cold Case Files,Series
CollierTV.us@SD,Collier TV,Legislative
ComedyCentralAnimation.us@SD,Comedy Central Animation,Comedy
ComercioTV.us@SD,Comercio TV,General
Community12TV.us@SD,Community 12TV,Legislative
CommunityTVChannel189.us@SD,CommunityTV Channel 189,General
ConcertChannel.us@SD,Concert Channel,Music
ConcordTV.us@SD,Concord TV,General
ContraCostaTV.us@SD,Contra Costa TV,Legislative
CookingPanda.us@SD,Cooking Panda,Cooking
COStv.us@SD,COStv,Legislative
Create.us@SD,Create,Education
Create.us@WMPT,Create WMPT,Education
CreaTVChannel15.us@SD,CreaTV Channel 15,General
CreaTVChannel27.us@SD,CreaTV Channel 27,General
CreaTVChannel28.us@SD,CreaTV Channel 28,Education
CreaTVChannel30.us@SD,CreaTV Channel 30,General
Crime360.us@SD,Crime 360,Documentary
CruzTV.us@SD,Cruz TV,Legislative
CSatTV.us@SD,CSat TV,Religious
CTNCourtFeed.us@SD,CT-N Court Feed,Legislative
CTNLiveStream2.us@SD,CT-N Live Stream 2,Legislative
CTNTVConneticut.us@SD,CT-N TV Conneticut,Legislative
CTV.us@SD,CTV (United States),Undefined
CVCEducation.us@SD,CVC Education,Education
CVCGovernment.us@SD,CVC Government,Legislative
CVCPublic.us@SD,CVC Public,General
CVTVChannel192.us@SD,CVTV Channel 192,General
CVTVChannel194.us@SD,CVTV Channel 194,General
CypressChannel36.us@SD,Cypress Channel 36,Legislative
DareToDreamNetwork.us@SD,Dare To Dream Network,Religious
DarkMatterTV.us@SD,Dark Matter TV,Series
DaystarTV.us@SD,Daystar TV,Religious
DaystarTV.us@WSLFLD,Daystar TV WSLF-LD,Religious
DaystarTVEspanol.us@SD,Daystar TV Espanol,Religious
DCC.us@SD,DCC,Legislative
DCCouncilHearingRoom120.us@SD,DC Council Hearing Room 120,Legislative
DegaTV.us@SD,Dega TV,Music
Denver8TV.us@SD,Denver 8 TV,Legislative
DePeliculaUS.us@SD,De Pelicula US,Movies
DerryTV17.us@SD,DerryTV 17,Legislative
DerryTV23.us@SD,DerryTV 23,Education;General
DesignatedSurvivor.us@SD,Designated Survivor,Series
DetroitChannel10.us@SD,Detroit Channel 10,Legislative
DetroitChannel21.us@SD,Detroit Channel 21,General
DetroitChannel22.us@SD,Detroit Channel 22,Education
DetroitChannel68.us@SD,Detroit Channel 68,General
DidgahTV.us@SD,Didgah TV,News
DisneyChannel.us@HDEast,Disney Channel (United States) HD East,Kids
DistrictofColumbiaNetwork.us@SD,District of Columbia Network,Legislative
DiyaTV.us@SD,Diya TV,General
DKN.us@SD,DKN,Education
Docurama.us@SD,Docurama,Documentary
DontTellTheBride.uk@SD,Don't Tell The Bride,Series
DrGeneScott.us@SD,Dr. Gene Scott,Religious
DryBarComedyPlus.us@SD,Dry Bar Comedy+,Comedy
DuckHuntingTV.us@SD,Duck Hunting TV,Outdoor
DungeonTV.us@SD,Dungeon TV,Undefined
E.us@East,E! East,Entertainment
EBSCinema.us@SD,EBS Cinema,Movies
EBSMusika.us@SD,EBS Musika,Music
ElbesharaGTV.us@SD,Elbeshara GTV,Religious
ElevationChurchNetwork.us@HD,Elevation Church Network,Religious
ElRey.us@SD,El Rey,Entertainment
ElSembradorNuevaEvangelizacionESNE.us@SD,El Sembrador Nueva Evangelizacion ESNE,Religious
EntertainmentTonight.us@SD,Entertainment Tonight,Entertainment;News
EntrepreneurTV.us@SD,EntrepreneurTV,Business
EscambiaCountyTV.us@SD,Escambia County TV,Legislative
EstrellaGames.us@SD,Estrella Games,Entertainment;Family
EstrellaTV.us@WMBCTV,Estrella TV WMBC-TV,Entertainment
EWTN.us@Spanish,EWTN (United States) Spanish,Religious
ExtremaTV.us@SD,Extrema TV (United States),Undefined
FaithTV.us@SD,Faith TV,Religious
Farscape.us@SD,Farscape,Series
FashionFinds.us@SD,Fashion Finds,Lifestyle;Shop
FastTV.us@SD,Fast TV,Undefined
FCPublicMedia.us@SD,FC Public Media,General
FCTV.us@SD,FCTV,General
FernandinaBeachChannel.us@SD,Fernandina Beach Channel,Legislative
FGTV.us@SD,FGTV (United States),Legislative
FierroaFondoTV.us@SD,Fierro a Fondo TV,Auto
FilAmTVNetwork.us@HD,FilAmTV Network,General
FilmRiseForensicFiles.us@SD,FilmRise Forensic Files,Movies
FlowersTVUSA.us@SD,Flowers TV USA,Culture
FMHKids.us@SD,FMH Kids,Kids
FMHMovies.us@SD,FMH Movies,Movies
FNX.us@KVCRDT,FNX KVCR-DT,Culture
FNX.us@SD,FNX,Culture
FoxNewsRadio.us@SD,Fox News Radio,News
FreebieTV.us@SD,Freebie TV,Entertainment
FrightFlix.us@SD,FrightFlix,Movies
FunRoads.us@SD,Fun Roads,Auto;Travel
G10TV.us@SD,G10TV,Legislative
Gagsnetwork.us@SD,Gagsnetwork,Comedy
GalvestonCountyTV.us@SD,Galveston County TV,Legislative
GalxyTV.us@SD,Galxy TV,Entertainment
GanjeHozourTV.us@SD,Ganj e Hozour TV,General
GCNAmerica.us@SD,GCN America,Religious
GCOtv.us@SD,GCO.tv,General
GEBNetwork.us@KBPXLD,GEB Network KBPX-LD,Religious
GenesisScienceNetwork.us@SD,Genesis Science Network,Religious
GiggleMug.us@SD,Giggle Mug,Kids
GillettePublicAccessTelevisionChannel189.us@SD,Gillette Public Access Television Channel 189,Education
GillettePublicAccessTelevisionChannel190.us@SD,Gillette Public Access Television Channel 190,General
GillettePublicAccessTelevisionChannel192.us@SD,Gillette Public Access Television Channel 192,Legislative
GirlfriendsFilms.us@SD,Girlfriends Films,Movies
Glendale11AZ.us@SD,Glendale 11 AZ,Legislative
GlendaleTV.us@SD,Glendale TV,Legislative
GlobalBuddhistNetwork.us@SD,Global Buddhist Network,Religious
GlobalFashionChannel.us@SD,Global Fashion Channel,Lifestyle
GlobalWorldTV.us@SD,GlobalWorldTV,Entertainment
GMTV.us@SD,GMTV,Music
GodsLearningChannel.us@KPCBDT,God's Learning Channel KPCB-DT,Religious
GoodLife45.us@SD,GoodLife 45,Religious
GordonRamsaysHellsKitchen.us@SD,Gordon Ramsay's Hell's Kitchen,Cooking
GospelTruthTV.us@SD,Gospel Truth TV,Religious
GovernmentTV16.us@SD,Government TV 16,Legislative
GreaterLoveTV.us@SD,Greater Love TV,Religious
GreensboroTV.us@SD,Greensboro TV,Legislative
GrjngoWesternMovies.de@SD,Grjngo Western Movies,Movies
GuangdongTVAmerica.us@SD,Guangdong TV America,General
GunAzTV.us@SD,GunAz TV,General
HappyKids.us@SD,HappyKids,Kids
HarmonyGospelMusicTV.us@SD,Harmony Gospel Music TV,Music;Religious
HarPalGeo.pk@SD,HarPal Geo,Culture
HarvestUSA.in@SD,Harvest USA,Religious
HBTV.us@SD,HBTV,General
HCTVEducationalAccessChannel.us@SD,HCTV Educational Access Channel,Education
HCTVGovernmentChannel.us@SD,HCTV Government Channel,Legislative
HCTVPublicAccessChannel.us@SD,HCTV Public Access Channel,General
Heartland.us@Eastern,Heartland,Entertainment
Heartland.us@Web,Heartland Web,Entertainment
HighVisionTV.us@SD,High Vision TV,Music
HillsboroughTV.us@SD,Hillsborough TV,Legislative
HisGloryTV.us@SD,His Glory TV,General
HKTV.us@SD,HKTV,Education
HMIPROMZNEWS.us@SD,HMI PROMZ NEWS,Music
HmongStarTV.us@SD,Hmong Star TV,Culture
HmongTVNetwork.us@SD,Hmong TV Network,Culture
HogansHeroes.us@SD,Hogan's Heroes,Classic
HollyWire.us@SD,HollyWire,Entertainment;News
Hope4LifeTV.us@SD,Hope4Life TV,Religious
HopeChannelInterAmerica.us@SD,Hope Channel Inter-America,Religious
HopeChannelInterAmericaEnglish.us@SD,Hope Channel Inter-America English,Religious
HopeChannelInternational.us@SD,Hope Channel International,Religious
HopeChannelNorthAmerica.us@SD,Hope Channel North America,Religious
HTV1HoustonTelevision.us@SD,HTV 1 Houston Television,Legislative
HTV2HoustonTelevision.us@SD,HTV 2 Houston Television,Legislative
HumorMill.us@SD,"like Gecko) Chrome/145.0.0.0 Safari/537.36 Edg/145.0.0.0"" group-title=""Comedy"",Humor Mill",Comedy
Hungry.us@SD,Hungry,Cooking
iCarly.us@SD,iCarly (United States) SD,Series
iHolyfieldTV.us@WHPSCD,iHolyfield TV WHPS-CD,Undefined
ImanTV.us@SD,Iman TV,Religious
InstantSaga.us@US,Instant Saga,Series
IntheKitchen.us@SD,In the Kitchen,Cooking;Shop
INWILD.nl@SD,INWILD,Documentary
IraneFardaTV.uk@SD,IraneFarda TV,News
IronChef.us@US,Iron Chef,Series
ItIsWrittenTV.us@SD,It Is Written TV,Religious
ItsSupernaturalNetwork.us@SD,It's Supernatural! Network,Religious
JewelryTV.us@SD,Jewelry TV,Shop
JewelryTV2.us@SD,Jewelry TV 2,Shop
JewishLifeTelevision.us@SD,Jewish Life Television,Culture;Religious
JoelOsteenNetwork.us@HD,Joel Osteen Network,Religious
JusHindi.us@SD,Jus Hindi,Culture
JusOne.us@SD,Jus One,Culture
JusPunjabi.us@SD,Jus Punjabi,Culture
JustforLaughsGags.us@SD,Just for Laughs Gags,Comedy
KajouTV.us@SD,Kajou TV,Culture
KaloopyTV.us@SD,Kaloopy TV,Lifestyle
KBEV.us@SD,KBEV,Education
KBRI8.us@SD,KBRI-8,Legislative
KBSV231.us@SD,KBSV 23.1,General;Religious
KCAT.us@SD,KCAT,Education
KContentbyCJENM.us@SD,K-Content by CJ ENM,Entertainment
KentuckyEducationalTelevision.us@WKMJTV,Kentucky Educational Television WKMJ-TV,Undefined
KentuckyEducationalTelevision.us@WKPCTV,Kentucky Educational Television WKPC-TV,Undefined
KernCountyTV.us@SD,Kern County TV,Legislative
KetchupTV.us@SD,Ketchup TV,Kids
KevinHartsLOLNetwork.us@SD,Kevin Hart's LOL! Network,Comedy
KFONTV.us@SD,KFON TV,General
KidOO.us@SD,KidOO,Animation;Kids
KidsFlix.us@SD,KidsFlix,Kids;Movies
KidsMovieClub.us@SD,Kids Movie Club,Kids;Movies
KIIOLD101.us@HD,KIIO-LD 10.1,Culture
KIIOLD104.us@SD,KIIO-LD 10.4,Culture
KMCTTV391.us@HD,KMCT-TV 39.1,Entertainment
KNino.us@SD,KNino,Entertainment
KNOVCD411.us@HD,KNOV-CD 41.1,Travel
KNXVTV611.us@HD,KNXV-TV 61.1,General
KOCTChannel18.us@SD,KOCT Channel 18,General
KOCTChannel19.us@SD,KOCT Channel 19,Education
KPVMLD251.us@HD,KPVM-LD 25.1,General
KRGVTV52.us@HD,KRGV-TV 5.2,Entertainment
KSCE381.us@HD,KSCE 38.1,Religious
KSCE383.us@HD,KSCE 38.3,Religious
KTOO360TV.us@KTOOTV,KTOO 360TV KTOO-TV,Undefined
KVTNDT251.us@HD,KVTN-DT 25.1,Religious
LA36.us@SD,LA36,Education
LACityView35.us@SD,LA CityView 35,Legislative
LacrosseTV.us@SD,Lacrosse TV,Sports
Laff.us@WJLP,Laff WJLP,Comedy
LakeFrontTV.us@SD,LakeFront TV,Legislative
LakeHavasuCity4.us@SD,Lake Havasu City 4,Legislative
LakewoodChannel8.us@SD,Lakewood Channel 8,Undefined
LaQueBuenaAtlanta.us@SD,La Que Buena Atlanta,Music
LasVegasTonightwithDaleDavidson.us@HD,Las Vegas Tonight with Dale Davidson,General
LatinoChannelTV.us@HD,Latino Channel TV,General
LATV.us@SD,LATV,Entertainment
LaVozdeJesusHD.do@HD,La Voz de Jesus HD,Religious
LBCInternational.lb@SD,LBC International,General
LegoChannel.us@SD,Lego Channel,Kids
LeominsterTVEducational.us@SD,Leominster TV Educational,Education
LeominsterTVGovernment.us@SD,Leominster TV Government,Legislative
LeominsterTVPublic.us@SD,Leominster TV Public,General
LexTV.us@SD,Lex TV,Legislative
LGTV.us@SD,LGTV,Legislative
LifetimeMovies.us@East,Lifetime Movies,Movies
LifevisionTV.us@SD,LifevisionTV,Religious
LindellTV.us@SD,Lindell TV,News
LittleGuyanaTV.us@SD,Little Guyana TV,General
Littleton8TV.us@SD,Littleton 8 TV,General
LivingFaithTV.us@SD,Living Faith TV,Religious
LLBNHisLight.us@SD,LLBN His Light,Religious
LLBNHisWord.us@SD,LLBN His Word,Religious
LLBNTVArabic.us@SD,LLBN TV Arabic,Religious
LLBNTVChinese.us@SD,LLBN TV Chinese,Religious
LLBNTVKorean.us@SD,LLBN TV Korean,Religious
LLBNTVLatino.us@SD,LLBN TV Latino,Religious
LLBNTVRomanian.us@SD,LLBN TV Romanian,Religious
LLBNTVSouthAsia.us@SD,LLBN TV South Asia,Religious
Localish.us@SD,Localish,Lifestyle
LogosTV.es@SD,Logos TV (Spain),Religious
LogosTV.us@SD,Logos TV (United States),Religious
LogosTVEnglish.us@SD,Logos TV English,Religious
LogosTVEstudio.es@SD,Logos TV Estudio,Religious
LogosTVKids.es@SD,Logos TV Kids,Kids;Religious
LogosTVSalud.es@SD,Logos TV Salud,Lifestyle
LoneStar.us@SD,Lone Star,Entertainment
LoveHipHop.us@SD,Love & Hip Hop,Series
LoveNatureenEspanol.us@SD,Love Nature en Espanol,Undefined
LovePets.ca@US,Love Pets,Documentary
LoveThePlanet.es@EN,Love The Planet,Documentary
LoveWorldUSA.ng@SD,LoveWorld USA,Religious
LuckyDog.us@SD,Lucky Dog,Documentary
MadDogandMerrill.us@SD,Mad Dog and Merrill,Cooking
MagellanTVNow.us@SD,MagellanTV Now,Documentary
MagnificentMoviesNetwork.us@SD,Magnificent Movies Network,Movies;Shop
MajestadTV.us@SD,Majestad TV,Religious
MariaVisionUSA.us@SD,Maria Vision USA,Religious
MartinCountyTV.us@SD,Martin County TV,Legislative
MBC1USA.us@SD,MBC 1 USA,General
MBC3USA.us@SD,MBC 3 USA,Kids
MBCAmerica.us@SD,MBC America,Culture;Entertainment;Music
MBCDramaUSA.us@SD,MBC Drama USA,Series
MBCMasrUSA.us@SD,MBC Masr USA,General
MBTV.us@SD,MBTV,Legislative
MCN6ArtsChannel.us@SD,MCN6 Arts Channel,Culture;Education
MCN6MainChannel.us@SD,MCN6 Main Channel,Entertainment;General
MCN6MusicChannel.us@SD,MCN6 Music Channel,Animation;Kids;Music
MCPSSTV.us@SD,MCPSS TV,Education
MediasetItalia.it@USA,"like Gecko) Chrome/149.0.0.0 Safari/537.36"" group-title=""General"",Mediaset Italia USA",General
MegaTV.us@WSBSTV,Mega TV (United States) WSBS-TV,General
MeritStreet.us@SD,Merit Street,Entertainment
MetaleitorTV.us@SD,Metaleitor TV,Music
MeTVToons.us@KMBYLD,MeTV Toons KMBY-LD,Animation;Kids
MidpenMediaCenterChannel26.us@SD,Midpen Media Center Channel 26,Undefined
MidpenMediaCenterChannel28.us@SD,Midpen Media Center Channel 28,Education
MidpenMediaCenterChannel29.us@SD,Midpen Media Center Channel 29,Legislative
MidpenMediaCenterChannel30.us@SD,Midpen Media Center Channel 30,Culture
MidpenMediaCenterChannel75.us@SD,Midpen Media Center Channel 75,Culture
MinisterioLaVozDeUnRemanenteTV.us@SD,Ministerio La Voz De Un Remanente TV,Religious
MissionTV.us@SD,Mission TV,Religious
MMATV.us@SD,MMA TV,Sports
MNT.us@WCIV,MNT WCIV,General
MNT.us@WFLD,MNT WFLD,General
MNT.us@WWORTV,MNT WWOR-TV,General
MohabatTV.us@SD,Mohabat TV (United States),Religious
MonroeCommunityMediaEducationChannel.us@SD,Monroe Community Media Education Channel,Education
MonroeCommunityMediaPublicAccessChannel.us@SD,Monroe Community Media Public Access Channel,General
MonroeCountyTV.us@SD,Monroe County TV,Legislative
MontgomeryChannel.us@SD,Montgomery Channel,General
Movies.us@KPVMLD,Movies! KPVM-LD,Movies
MovieSphereGold.us@WFXT,MovieSphere Gold WFXT,Movies
MrBeanAnimated.uk@English,Mr Bean Animated,Animation;Kids
MRVTVChannel44.us@SD,MRVTV Channel 44,General
MRVTVChannel45.us@SD,MRVTV Channel 45,General
MSG.us@SD,MSG,Sports
MSTV.us@SD,MSTV,Education
MTC.us@SD,MTC,Undefined
MTVSpankinNew.us@US,MTV Spankin' New,Music
MuslimNetworkTV.us@SD,Muslim Network TV,Religious
MyTimeMovieNetworkEast.us@SD,MyTime Movie Network East,Movies
Narutoenespanol.us@SD,Naruto en espanol,Animation
NashuaETV.us@SD,Nashua ETV,Education
NatickEducationChannel.us@SD,Natick Education Channel,Education
NatickGovernmentChannel.us@SD,Natick Government Channel,Legislative
NatickPublicAccessChannel.us@SD,Natick Public Access Channel,General
NationalGeographic.us@HDEast,National Geographic (United States) HD East,Documentary
NationalGeographicWild.us@HDEast,National Geographic Wild (United States) HD East,Documentary
NATTV.us@SD,NAT TV,General
NBCComedyVault.us@SD,NBC Comedy Vault,Comedy
NBCLX.us@SD,NBCLX,Entertainment
NBCLXHome.us@HD,NBC LX Home,Entertainment;Lifestyle
NBCUniverso.us@West,NBC Universo West,Entertainment
NCMEducationalKidsChannel.us@SD,NCM Educational & Kids Channel,Education;Kids
NCMGovernmentPoliticsChannel.us@SD,NCM Government & Politics Channel,Legislative
NCMMainChannel.us@SD,NCM Main Channel,General
NCTV79.us@SD,NCTV79,General
NEWKMOVIES.us@SD,NEW K.MOVIES,Movies
NEWKPOP.us@SD,NEW K-POP,Music
News12Conneticut.us@SD,News12 Conneticut,News
News12LongIsland.us@SD,News12 Long Island,News
News12NewJersey.us@SD,News12 New Jersey,News
News12PlusConnecticut.us@HD,News12+ Connecticut,News
News12PlusHudsonValley.us@HD,News12+ Hudson Valley,News
News12PlusLongIsland.us@HD,News12+ Long Island,News
News12PlusNewJersey.us@HD,News12+ New Jersey,News
News12PlusNewYork.us@HD,News12+ New York,News
Newsmax2.us@KPVMLD,Newsmax 2 KPVM-LD,News
NewsmaxSpanish.us@SD,Newsmax Spanish,News
NewsoftheWorld.us@Arabic,News of the World Arabic,News
NewsoftheWorld.us@Spanish,News of the World Spanish,News
NewsoftheWorld.us@USA,News of the World USA,News
Newsy.us@SD,Newsy,News
NinjaKidzTV.us@SD,Ninja Kidz TV,Kids
NMBTV.us@SD,NMBTV,Legislative
NorCastWeather.us@HD,NorCast Weather,Weather
Novelisima.us@SD,Novelisima,Series
NTDTV.us@East,NTD TV,General
NTDTV.us@West,NTD TV West,General
NTDTVEnglish.us@USA,NTD TV English,General;News
NYXT.us@SD,NYXT,Culture
OANPlus.us@KPVMLD,OAN Plus KPVM-LD,News
OCNTV.us@SD,OCN TV,Religious
Olelo49.us@SD,Olelo 49,Legislative
Olelo53.us@SD,Olelo 53,Culture
Olelo54.us@SD,Olelo 54,Legislative
Olelo55.us@SD,Olelo 55,Entertainment
OmideIranTV.us@SD,Omid e Iran TV,Entertainment
OntarioPublicAccessChannel.us@SD,Ontario Public Access Channel,General
OnTV4U.us@SD,OnTV4U,Shop
OrangeGovernmentAccessTV.us@SD,Orange Government Access TV,Legislative
Outlaw.us@WGGSTV,Outlaw WGGS-TV,Entertainment
OutsideTV.us@SD,Outside TV,Outdoor
OvercomersTV.us@SD,Overcomers TV,General
Overtime.us@SD,Overtime,Sports
Pac12Insider.us@SD,Pac-12 Insider,Sports
PacificIslandNetwork.us@HD,Pacific Island Network,General
PalmBeachesTV.us@SD,Palm Beaches TV,Travel
ParsTV.us@SD,Pars TV,General
PascoTV.us@SD,Pasco TV,Legislative
PayameAfghanTV.us@SD,Payam-e-Afghan TV,General
PayameArameshTV.us@SD,Payame Aramesh TV,Religious
PayamJavanTV.us@SD,Payam Javan TV,Education
PayvandTV.us@SD,Payvand TV (United States),News
PBCTapeshTV.us@SD,PBC Tapesh TV,General
PBCTVChannel20.us@SD,PBC TV Channel 20,Legislative
PBS.us@WEDQ,PBS WEDQ,Education
PBS.us@WJXT,PBS WJXT,Education
PBSKids.us@SD,PBS Kids,Education;Kids
PBSKidsAlaska.us@SD,PBS Kids Alaska,Education;Kids
PBSKidsEasternCentral.us@SD,PBS Kids Eastern/Central,Education;Kids
PBSKidsHawaii.us@SD,PBS Kids Hawaii,Education;Kids
PBSKidsMountain.us@SD,PBS Kids Mountain,Education;Kids
PBSKidsPacific.us@SD,PBS Kids Pacific,Education;Kids
PBSTravel.us@SD,PBS Travel,Lifestyle
PCTChannel26.us@SD,PCT Channel 26,General
PCTChannel27.us@SD,PCT Channel 27,General
PCTV26.us@SD,PCTV 26,Legislative
PCTV28.us@SD,PCTV 28,General
PhillyCAM.us@SD,PhillyCAM,General
PHLgovTV.us@SD,PHLgovTV,Legislative
PHXTV.us@SD,PHXTV,Legislative
PixLTV.us@SD,PixL TV,Undefined
Placid.us@EastHD,Placid,Animation
PlutoTVAdventure.us@US,Pluto TV Adventure,Entertainment;Outdoor;Series
PlutoTVCineComedia.us@US,Pluto TV Cine Comedia (United States),Movies
PlutoTVDogelcazarrecompensas.us@SD,Pluto TV Dog el cazarrecompensas,Series
PlutoTVElReinoInfantil.us@SD,Pluto TV El Reino Infantil,Undefined
PlutoTVEstrellasdeAccion.us@SD,Pluto TV Estrellas de Accion,Movies
PlutoTVFranchiseFavorites.us@SD,Pluto TV Franchise Favorites,Movies
PlutoTVHometownDrama.us@SD,Pluto TV Hometown Drama,Series
PlutoTVLosnuevosdetectives.us@SD,Pluto TV Los nuevos detectives,Undefined
PlutoTVMinutoParaGanar.us@SD,Pluto TV Minuto Para Ganar,Series
PlutoTVMisteriosMedicos.us@SD,Pluto TV Misterios Medicos,Series
PlutoTVSanctuary.us@SD,Pluto TV Sanctuary,Series
PlutoTVStorageWars.us@SD,Pluto TV Storage Wars,Series
PlutoTVTheTwilightZone.us@SD,Pluto TV The Twilight Zone,Classic;Series
PlutoTVWipeout.us@SD,Pluto TV Wipeout,Series
PoconoTelevisionNetwork.us@HD,Pocono Television Network,Travel
PomonaInternetStreamingChannel.us@SD,Pomona Internet Streaming Channel,Undefined
PositivTV.us@SD,Positiv TV,Family
PottaDivineTVUSA.us@SD,Potta-Divine TV USA,Religious
PowerNationTV.us@SD,PowerNation TV,Auto
PSDTV.us@SD,PSD TV,Education
PSLTV.us@SD,PSL TV,Legislative
PTLTVNetwork.us@SD,PTL TV Network,Religious
PursuitUP.us@SD,PursuitUP,Outdoor
RadiantTV.us@SD,RadiantTV,Religious
RadioMensajeTV.us@SD,RadioMensaje TV,Religious
RadioTeleKajou.us@SD,Radio Tele Kajou,Music
RadioTelePuissance.us@SD,Radio Tele Puissance,Religious
RadioTeleSentinel.us@SD,Radio Tele Sentinel,Religious
RadioTeleWisdom.us@SD,Radio Tele Wisdom,Religious
RadioyTelevisionMarti.us@SD,Radio y Television Marti,General
RainbowRuby.us@SD,Rainbow Ruby,Undefined
RaiWorldPremium.it@SD,"like Gecko) Chrome/149.0.0.0 Safari/537.36"" group-title=""Undefined"",Rai World Premium",Undefined
RallyTV.us@SD,Rally TV,Sports
RCTV.us@SD,RCTV (United States),Undefined
RCTV3.us@SD,RCTV3,General
RealAmericasVoice.us@KPVMLD,Real America's Voice KPVM-LD,Undefined
RealAmericasVoice.us@SD,Real America's Voice,Undefined
RedADvenirTV.bo@KSCE,RedADvenir TV KSCE,Undefined
RedApple21.us@SD,Red Apple 21,Education
Reelz.us@SD,Reelz,Documentary
RetroCrush.us@SD,RetroCrush,Animation;Classic
RevandRoll.us@SD,Rev and Roll,Undefined
REVNAction.us@SD,REV'N Action,Auto;Outdoor;Series;Sports
RevryLatinX.us@SD,Revry LatinX,Entertainment
RevryQueer.us@SD,Revry Queer,Lifestyle
RightNowTV.us@SD,Right Now TV,Entertainment;Sports
Roar.us@KCWX,Roar KCWX,Entertainment
Roar.us@KOKITV,Roar KOKI-TV,Entertainment
Roar.us@WKEF,Roar WKEF,Entertainment
Roar.us@WSBTTV,Roar WSBT-TV,Entertainment
RockyHillChannel16.us@SD,Rocky Hill Channel 16,Legislative
RTenEspanol.ru@SD,RT en Espanol,News
RTHTV1.us@SD,RTH-TV1,General
RTN.us@SD,RTN (United States),Undefined
RTRPlaneta.ru@US,RTR-Planeta US,General
RTViUS.us@SD,RTVi US,General
Runtime.us@SD,Runtime,Movies
RuntimeEspanol.us@SD,Runtime Espanol,Movies
RVTVCivic.us@SD,RVTV Civic,General
RVTVGrantsPass.us@SD,RVTV Grants Pass,General
RVTVPrime.us@SD,RVTV Prime,General
RVTVVoices.us@SD,RVTV Voices,General
SamsungWildlife.us@SD,Samsung Wildlife,Undefined
SanskarUSA.in@SD,Sanskar USA,Religious
SCCurrents.us@SD,SC Currents,News
SchwabNetwork.us@SD,Schwab Network,Business
ScientologyNetwork.us@KSCNTV,Scientology Network KSCN-TV,Undefined
ScientologyNetwork.us@WFTTTV,Scientology Network WFTT-TV,Undefined
SCorbyTV.us@HD,S Corby TV,Kids
ScottsdaleChannel11.us@SD,Scottsdale Channel 11,General
ScreenDreams.us@SD,Screen Dreams,Relax
SCVTV.us@SD,SCVTV,General
SemillitasTV.us@SD,Semillitas TV,Undefined
SFCommons29.us@SD,SF Commons 29,General
SFCommons76.us@SD,SF Commons 76,General
SFGovTV.us@SD,SFGovTV,Legislative
SFGovTV2.us@SD,SFGovTV2,General
SFree.us@HD,S Free!,General
SGTN49.us@SD,SGTN-49,General
SGTV.us@SD,SGTV,Legislative
Shabakeh7.us@SD,Shabakeh 7,Entertainment
ShalomAmerica.us@SD,Shalom America,Religious
ShemarooBollywood.us@SD,Shemaroo Bollywood,Undefined
ShoutFactoryTV.us@SD,Shout! Factory TV,General
Showtime.us@East,Showtime,Undefined
SKPop.us@HD,S KPop!,Kids;Music
SkwadPlay.us@SD,Skwad Play,Kids
SLOCountyChannel21.us@SD,SLO County Channel 21,Undefined
SlopesTV.us@SD,Slopes TV,Sports
SmartLifeStyleTV.us@SD,Smart LifeStyle TV,Lifestyle
SMCTVChannel23.us@SD,SMCTV Channel 23,Legislative
SMCTVChannel24.us@SD,SMCTV Channel 24,Education
SMCTVChannel25.us@SD,SMCTV Channel 25,General
SMetroTV.us@HD,S Metro TV,General
SmurfTV.us@SD,Smurf TV,Kids
SNLVault.us@SD,SNL Vault,Comedy
SonicTV.us@SD,Sonic TV,Animation
SonyCanalNovelas.us@SD,Sony Canal Novelas,Movies
SonyKALHindi.us@SD,Sony KAL Hindi,Undefined
SoundViewCommunityMedia.us@SD,Sound View Community Media,General
SpiritTV.us@SD,Spirit TV,Music;Religious
SPremium.us@HD,S Premium! HD,General
SPTV.us@SD,SPTV,Legislative
StarChannelInternational.gr@HD,Star Channel International,Entertainment
StingrayGreatestHolidayHits.us@SD,Stingray Greatest Holiday Hits,Music
StLuciePublicSchools.us@SD,St Lucie Public Schools,Education
StocktonGovTV.us@SD,Stockton Gov TV,Legislative
StoryTelevision.us@KPVMLD,Story Television KPVM-LD,Undefined
StoryTelevision.us@WCIUTV,Story Television WCIU-TV,Undefined
StrykTV.us@HD,Stryk TV,Music
STV.us@HD,STV (United States),General
SUMtvEnglish.us@SD,SUMtv English,Religious
SUMtvLatino.us@SD,SUMtv Latino,Religious
SuperSimpleSongs.us@SD,Super Simple Songs,Kids
SwamijiTVAmerican.at@SD,Swamiji TV American,Outdoor
SwerveSports.us@SD,Swerve Sports,Sports
TaiwanPlusTV.tw@SD,Taiwan Plus TV,Undefined
TalkinLiveClassicsTV.us@SD,Talkin Live Classics TV,Entertainment
Tapesh2.us@SD,Tapesh 2,Undefined
TAPTVChannel23.us@SD,TAP TV Channel 23,Undefined
TAPTVChannel24.us@SD,TAP TV Channel 24,General
TAPTVChannel25.us@SD,TAP TV Channel 25,General
TBCN.us@SD,TBCN,General
TBNArmenia.us@SD,TBN Armenia,Undefined
TBNInspire.us@SD,TBN Inspire,Religious
TBNPacific.us@SD,TBN Pacific,Undefined
TBNUkraine.us@SD,TBN Ukraine,Undefined
TCT.us@SD,TCT,Undefined
TeleBoston.us@SD,Tele Boston,Entertainment
TeleMIX.us@SD,TeleMIX,Entertainment
Telemundo.us@KNSD,Telemundo KNSD,General
Telemundo.us@WCAU,Telemundo WCAU,General
TelemundoAlDia.us@HD,Telemundo Al Dia,General
TelemundoCorpusChristi.us@SD,Telemundo Corpus Christi,Entertainment
TelePam.us@SD,Tele Pam,General
TemeculaTV.us@SD,Temecula TV,Undefined
Tempe11.us@SD,Tempe 11,Undefined
TerraMaterWILD.de@English,Terra Mater WILD English,Documentary
TeveVidaNetwork.us@SD,Teve Vida Network,Religious
TheAsylum.us@US,The Asylum,Series
TheBurbankChannel.us@SD,The Burbank Channel,General
TheCarolBurnettShow.us@SD,The Carol Burnett Show,Classic
TheChatShowChannel.uk@SD,The Chat Show Channel,Comedy;Series
TheCityofMarina.us@SD,The City of Marina,Legislative
TheConners.us@SD,The Conners,Comedy;Series
TheDoctors.us@HD,The Doctors,Series
theDoveTV.us@SD,theDove TV,Religious
TheFirstTV.us@SD,The First TV,News
TheGrahamNortonShow.uk@SD,The Graham Norton Show,Entertainment
TheHillTV.us@SD,The Hill TV,Undefined
TheLoop.us@SD,The Loop,Classic;Series
TheMontereyChannel.us@SD,The Monterey Channel,General
TheNowNetwork.us@SD,The Now Network,Religious
ThePeninsulaChannel.us@SD,The Peninsula Channel,Legislative
ThePointTelevsionNetwork.us@SD,The Point Televsion Network,Religious
TheWalkTV.us@SD,The Walk TV,Undefined
TheYoungTurks.us@SD,The Young Turks,News
Thornton8.us@SD,Thornton 8,Legislative
ThreesCompany.us@SD,Three's Company,Series
TimelessTV.us@SD,Timeless TV,Classic;Shop
TinTV.us@SD,Tin TV,Entertainment
TLN.ca@KQSL,TLN KQSL,Undefined
TLNMediaChicago.us@SD,TLN Media Chicago,Religious
TLNMediaSanFrancisco.us@SD,TLN Media San Francisco,Religious
TNTInternational.ru@SD,"like Gecko) Chrome/144.0.0.0 Safari/537.36"" group-title=""Entertainment"",TNT International SD",Entertainment
TomAndJerry.do@HD,Tom And Jerry,Kids
TopStoriesbyNewsy.us@SD,Top Stories by Newsy,News
TrueCrimeNetwork.us@WCVBTV,True Crime Network WCVB-TV,Series
TrueHistory.us@SD,True History,Undefined
TSTV.us@SD,TSTV,Undefined
TurismoHD.do@HD,Turismo HD,Entertainment
TUTV.us@SD,TUTV,Education
TV4.us@SD,TV4 (United States),Legislative
TVDaja.do@SD,TV Daja,General
TVEInternacionalAmerica.es@HD,TVE Internacional America HD,Undefined
TVEInternacionalAmerica.es@SD,TVE Internacional America,Undefined
TVHispanic.us@SD,TV Hispanic,General
TVPanou.ht@SD,TV Panou,General
TVSAGovernmentChannel.us@SD,TVSA Government Channel,Legislative
TVSAPublicChannel.us@SD,TVSA Public Channel,General
TVSBowlingNetwork.us@SD,TVS Bowling Network,Sports
TVSBoxing.us@SD,TVS Boxing,Sports
TVSCipherNetwork.us@SD,TVS Cipher Network,Classic
TVSClassicMovies.us@SD,TVS Classic Movies,Classic
TVSClassicSports.us@SD,TVS Classic Sports,Sports
TVSComedyNetwork.us@SD,TVS Comedy Network,Comedy
TVSConsumerDirect.us@SD,TVS Consumer Direct,Shop
TVSDriveInMovie.us@SD,TVS Drive In Movie,Movies
TVSFamilyChannel.us@SD,TVS Family Channel,Family
TVSFilmNoirNetwork.us@SD,TVS Film Noir Network,Movies
TVSFlashbackNetwork.us@SD,TVS Flashback Network,Entertainment
TVSHiTops.us@SD,TVS Hi Tops,Kids
TVSHollywoodHistory.us@SD,TVS Hollywood History,Classic
TVSMainstreet.us@SD,TVS Mainstreet,Classic
TVSMusicNetwork.us@SD,TVS Music Network,Music
TVSNostalgia.us@SD,TVS Nostalgia,Classic
TVSNostalgiaMovies.us@SD,TVS Nostalgia Movies,Classic
TVSPetParadeNetwork.us@SD,TVS Pet Parade Network,Classic
TVSPinballNetwork.us@SD,TVS Pinball Network,Kids
TVSQuizShowNetwork.us@SD,TVS Quiz Show Network,Classic
TVSSelectNetwork.us@SD,TVS Select Network,General
TVSSports.us@SD,TVS Sports,Sports
TVSSportsBureau.us@SD,TVS Sports Bureau,Sports
TVSTalkNetwork.us@SD,TVS Talk Network,Classic
TVSTallyHo.us@SD,TVS Tally Ho,Classic
TVSTavern.us@SD,TVS Tavern,Classic
TVSTelevisionNetwork.us@SD,TVS Television Network,General
TVSTravelNetwork.us@SD,TVS Travel Network,Travel
TVSTurbo.us@SD,TVS Turbo,Sports
TVSVintageNetwork.us@SD,TVS Vintage Network,Entertainment
TVSWesternMovie.us@SD,TVS Western Movie,Classic
TVSWomenSports.us@SD,TVS Women Sports,Sports
TyCSportsUSA.ar@SD,TyC Sports USA,Sports
UCTV.us@SD,UCTV,Education
Unbeaten.us@SD,Unbeaten,Sports
UniMas.us@Central,UniMas Central,Undefined
UniMas.us@KUVNDT,UniMas KUVN-DT,Undefined
UniMas.us@Mountain,UniMas Mountain,Undefined
UniMas.us@WXTVDT,UniMas WXTV-DT,Undefined
UniversalComedy.us@SD,"like Gecko) Chrome/124.0.0.0 Safari/537.36"" group-title=""Comedy;Movies;Series"",Universal Comedy",Comedy;Movies;Series
USATODAY.us@SD,USA TODAY,News
VallenatoInternacional.us@SD,Vallenato Internacional,Music
VBSTV.us@SD,VBS TV,General
VCAT.us@SD,VCAT,General
VegasLifeTV.us@HD,Vegas Life TV,General
VelayatTVNetwork.us@SD,Velayat TV Network,Religious
VenevisionInternacional.ve@SD,Venevision Internacional,General
Vevo70s.us@SD,Vevo '70s,Music
Vevo80s.us@SD,Vevo '80s,Music
Vevo90s.us@SD,Vevo '90s,Music
VevoHipHop.us@SD,Vevo Hip Hop,Music
VevoLatino.us@SD,Vevo Latino,Music
VevoRB.us@SD,Vevo R&B,Music
VevoRetroRock.us@SD,Vevo Retro Rock,Music
VICETV.us@SD,VICE TV,Undefined
VidaMejorTV.us@SD,Vida Mejor TV,Religious
VideoMixTV.us@SD,Video Mix TV,Music
VisionLatinaNetwork.us@SD,Vision Latina Network,General
VoATV.us@SD,VoA TV,News
VoATVPersian.us@SD,VoA TV Persian,News
VSCTV.us@SD,VSCTV,General
W14DKD141.us@HD,W14DK-D 14.1,Religious
W14DKD142.us@SD,W14DK-D 14.2,News
WACX551.us@SD,WACX 55.1,Undefined
WantedDeadorAlive.us@SD,Wanted: Dead or Alive,Classic
WATCDT571.us@HD,WATC-DT 57.1,Undefined
WATCDT572.us@HD,WATC-DT 57.2,Undefined
WatchitKID.us@SD,Watch it KID!,Kids
WatchitScream.us@SD,Watch it Scream!,Movies
WBTV641.us@HD,WBTV 64.1,Undefined
WCETVDigitalChannel318.us@SD,WCETV Digital Channel 31.8,General
WCOT.us@SD,WCOT,General
WeedsNurseJackie.us@SD,Weeds & Nurse Jackie,Series
WeHoTV.us@SD,WeHoTV,Undefined
Westerns4U.us@SD,Westerns 4U,Classic
WGGSTV161.us@HD,WGGS-TV 16.1,Undefined
Whiplash.us@HD,Whiplash,General
WhiplashCinema.us@SD,Whiplash Cinema,Movies
WhiplashII.us@SD,Whiplash II,General
WhitePlainsCommunityMedia.us@SD,White Plains Community Media,Undefined
WHOHTV.us@SD,WHOH-TV,General
WildNOut.us@SD,Wild 'N Out,Series
WindowTV.us@SD,Window TV,Undefined
WineWatchesWhiskey.us@HD,Wine Watches & Whiskey,Undefined
Wired2FishTV.us@SD,Wired2FishTV,Undefined
WITN22.us@SD,WITN22,General
WLMB.us@SD,WLMB,Religious
WLNGRadio.us@SD,WLNG Radio,Undefined
WomensSportsNetwork.us@SD,Women's Sports Network,Undefined
WorldChannel.us@SD,World Channel,Education
WorldChannel.us@WGTV,World Channel WGTV,Education
WorldHarvestTV.us@SD,World Harvest TV,Undefined
WPLG101.us@HD,WPLG 10.1,News
WPSTV.us@SD,WPS-TV,Education
WSOCNow.us@SD,WSOC Now,News
WVCULP.us@SD,WVCU-LP,Music
WVVHCD181.us@HD,WVVH-CD 18.1,Undefined
WWONTVChannel48.us@SD,WWON-TV Channel 48,Entertainment
XFCTV.us@SD,XFC TV,Sports
XploreTV.us@SD,Xplore TV,Entertainment
YouDotGov.us@SD,YouDotGov,Legislative
YoungHollywood.us@SD,Young Hollywood,Entertainment
YoutooAmerica.us@KVVBLD,Youtoo America KVVB-LD,Entertainment
YTATV.us@SD,YTA TV,Entertainment
YuGiOhenespanol.us@SD,Yu-Gi-Oh! en espanol,Undefined
Yuma77.us@SD,Yuma77,Legislative
YumaChannel72.us@SD,Yuma Channel 72,Legislative
YumaChannel73.us@SD,Yuma Channel 73,Legislative
ZarinTV.us@SD,Zarin TV,General
ZoomNews.us@SD,Zoom News,News
ZTV.us@SD,ZTV,General
